Projet;Date_rapport;Longueur_prevue_km;Longueur_deployee_km;Longueur_restante_km;Date_fin_prevue
Atlantic Link A;31/07/2024;5200;3637,0;1563,0;09/10/2024
Med Ring North;31/07/2024;1800;1537,0;263,0;10/08/2024
Gulf Express;31/07/2024;2600;2149,3;450,7;30/08/2024
Pacific Spur 1;31/07/2024;3900;2553,6;1346,4;29/09/2024
Baltic Connect;31/07/2024;900;792,9;107,1;20/08/2024
Indian Ocean East;31/07/2024;4700;2947,1;1752,9;19/10/2024
North Sea Feeder;31/07/2024;650;538,3;111,7;15/08/2024
Caribbean Loop;31/07/2024;2100;1432,2;667,8;30/08/2024
West Africa Coast;31/07/2024;3300;2674,4;625,6;14/09/2024
Arctic Pilot;31/07/2024;1200;804,5;395,5;30/08/2024
Red Sea Bridge;31/07/2024;1500;1270,6;229,4;20/08/2024
